reviews_amount;cores_disponiveis;produto_frete;produto_titulo;produto_preco
1758;Disponible en 3 colores;; Moto E7 32 GB azul aqua 2 GB RAM;23.0
2555;Disponible en 2 colores;;Samsung Galaxy A12 64 GB azul 4 GB RAM;33.0
193;Disponible en 2 colores;;Samsung Galaxy A03s 64 GB azul 4 GB RAM;29.0
3485;Disponible en 3 colores;;Samsung Galaxy A32 128 GB awesome blue 4 GB RAM;49.0
708;Disponible en 2 colores;;Samsung Galaxy M12 (5000 mAh) Dual SIM 128 GB black 4 GB RAM;38.0
174;Disponible en 3 colores;;Samsung Galaxy S21+ 5G 128 GB phantom silver 8 GB RAM;159.0
334;Disponible en 2 colores;;LG K22+ 64 GB titan 3 GB RAM;22.0
2409;Disponible en 2 colores;; Moto G20 64 GB rosa flamingo 4 GB RAM;31.0
173;;;LG B220 Dual SIM 32 MB negro 32 MB RAM;5.74
90;Disponible en 2 colores;;Alcatel 3H 64 GB twilight blue 3 GB RAM;22.0
696;Hasta 9 cuotas sin interés;;LG K52 (48 Mpx) 64 GB blue 4 GB RAM;27.0
417;Disponible en 2 colores;;LG K41S 32 GB titanio 3 GB RAM;22.0
195;Hasta 9 cuotas sin interés;;LG K62 128 GB sky blue 4 GB RAM;32.0
181;Disponible en 2 colores;;Quantum YOLO Dual SIM 32 GB negro 1 GB RAM;10.88
61;Disponible en 2 colores;;Motorola 20 Lite 128 GB gris 6 GB RAM;70.0
947;Disponible en 3 colores;;LG K22 32 GB blue 2 GB RAM;20.0
480;Hasta 9 cuotas sin interés;;LG K42 64 GB gray 3 GB RAM;25.0
1348;Disponible en 2 colores;;LG K61 128 GB titanio 4 GB RAM;35.0
15;Hasta 9 cuotas sin interés;;Positivo Q20 Dual SIM 128 GB pearl white 4 GB RAM;28.0
507;Hasta 9 cuotas sin interés;;LG K51S 64 GB titan 3 GB RAM;28.0
507;Hasta 9 cuotas sin interés;;LG K51S 64 GB titan 3 GB RAM;28.0
306;Hasta 3 cuotas sin interés;;TCL L9S 32 GB negro 2 GB RAM;17.5
2555;Hasta 9 cuotas sin interés;;Samsung Galaxy A12 128 GB negro 4 GB RAM;38.6
143;Disponible en 2 colores;;Kodak Smartway L1 Pro Dual SIM 16 GB gris oscuro 1 GB RAM;12.0
29;Hasta 3 cuotas sin interés;;Quantum Switch Dual SIM 32 GB negro 1 GB RAM;13.0
1016;Disponible en 2 colores;; Moto E6i 32 GB rosa coral 2 GB RAM;18.8
134;;;Energizer Energy E10+ Dual SIM 32 MB negro 32 MB RAM;4.2
134;Disponible en 2 colores;;Xiaomi Mi 11 Lite 5G Dual SIM 128 GB negro trufa 6 GB RAM;79.1
712;Disponible en 2 colores;; Moto E7i Power 32 GB azul 2 GB RAM;20.65
216;Hasta 9 cuotas sin interés;;LG Velvet 128 GB aurora silver 6 GB RAM;80.0
6;;;Doogee S96 Pro Dual SIM 128 GB army green 8 GB RAM;150.0
108;Disponible en 3 colores;;Apple iPhone SE (2da generación) 64 GB - Blanco;119.59
96;Disponible en 3 colores;;TCL 20 E 128 GB teal green 4 GB RAM;30.0
320;;Envío gratis;ZTE Blade A5 Plus 32 GB negro 2 GB RAM;18.0
526;;;Nokia 106 (2018) 4 MB gris oscuro 4 MB RAM;6.0
1571;;;Alcatel 1 16 GB negro metálico 1 GB RAM;11.0
340;;;Sansei S191 Dual SIM 3 MB negro/rojo 4 MB RAM;3.49
231;Disponible en 3 colores;;Xiaomi Redmi Note 10S Dual SIM 128 GB gris ónix 8 GB RAM;76.0
100;Disponible en 3 colores;;Xiaomi Pocophone Poco X3 Pro Dual SIM 128 GB negro fantasma 6 GB RAM;85.29
222;;;Philco P241 Dual SIM 512 MB negro 256 MB RAM;7.34
99;Hasta 3 cuotas sin interés;;TCL 20 E 64 GB elegant black 3 GB RAM;23.0
285;;;TCL L7+ 32 GB negro 2 GB RAM;15.29
2504;Disponible en 4 colores;;Samsung Galaxy S20 FE 128 GB cloud navy 6 GB RAM;90.0
212;;;Alcatel 1V Plus 32 GB negro 2 GB RAM;18.49
108;Disponible en 2 colores;;Kodak Smartway F1 Dual SIM 64 GB plata 4 GB RAM;24.0
15;Disponible en 2 colores;;Positivo Q20 Dual SIM 128 GB pearl white 4 GB RAM;28.0
9;Disponible en 2 colores;; Moto E40 64 GB gris acero 4 GB RAM;27.5
393;Disponible en 2 colores;;Nokia 1.3 16 GB carbón 1 GB RAM;15.9
291;Disponible en 3 colores;;Samsung Galaxy A22 128 GB white 4 GB RAM;42.0
154;;Envío gratis;TCL 20 SE 128 GB nuit black 4 GB RAM;36.45
669;Hasta 3 cuotas sin interés;;LG K40S 32 GB aurora black 2 GB RAM;21.0
9;;;ZTE Blade A51 32 GB gris 2 GB RAM;20.0
5;;;Alcatel 1L (2021) 32 GB power grey 2 GB RAM;17.5
43;Disponible en 2 colores;;Motorola 20 Pro 256 GB blanco optic 12 GB RAM;110.0
;Hasta 9 cuotas sin interés;;Celular Teclas Camara 2 Sim Mp3 Radio Cuota Adulto Economico;4.8
;;;Celular Economico Whatsapp Ipro S401 Fm + Auriculares ;11.95
;Hasta 3 cuotas sin interés;;Motorola G20 64gb 4 Gb Ram Rosa Flamingo;31.0
;Hasta 9 cuotas sin interés;;Motorola Edge 20 Lite Gris 128gb 6gb Ram;70.0
;Hasta 3 cuotas sin interés;;Samsung Galaxy S20 Fan Edition ;90.0
;Hasta 3 cuotas sin interés;;Samsung Galaxy A03s 64gb 4gb;29.0
329;Disponible en 3 colores;Envío gratis;Kodak Smartway L2 Dual SIM 16 GB violeta 2 GB RAM;15.0
;Hasta 9 cuotas sin interés;Envío gratis;Celular Ipro Smart 2.4 Libre Teclado Whatsapp Niños Adultos;11.45
15;Hasta 9 cuotas sin interés;Envío gratis;Positivo Q20 Dual SIM 128 GB pearl white 4 GB RAM;28.0
;Hasta 9 cuotas sin interés;Envío gratis;Samsung Galaxy A12 64gb;33.0
;Hasta 3 cuotas sin interés;Envío gratis;Celular Samsung Galaxy A32 4gb Ram 128gb Mem Int;49.0
29;Hasta 3 cuotas sin interés;Envío gratis;Quantum Switch Dual SIM 32 GB negro 1 GB RAM;13.0
;Hasta 9 cuotas sin interés;;Samsung Galaxy M12 Dual Sim 128gb 4 Gb Ram;38.0
212;;Envío gratis;Alcatel 1V Plus 32 GB negro 2 GB RAM;18.49
108;Disponible en 3 colores;;Apple iPhone SE (2da generación) 64 GB - Blanco;119.59
31;Disponible en 6 colores;;Apple iPhone 12 (128 GB) - Negro;250.0
54;;;Xiaomi Redmi Note 10 Dual SIM 128 GB gris ónix 6 GB RAM;80.54
;Hasta 3 cuotas sin interés;;Motorola Edge 20 Pro Xt2153-1 Blanco Optic;110.0
2121;Disponible en 3 colores;;Xiaomi Redmi Note 8 Dual SIM 64 GB Neptune blue 4 GB RAM;52.96
7;;Envío gratis;Ulefone Armor X5 Pro Dual SIM 64 GB negro 4 GB RAM;54.9
63;;;ZTE Blade A3 2020 32 GB negro 1 GB RAM;13.0
;Hasta 9 cuotas sin interés;;Motorola E7 Azul Aqua 32gb 2gb;23.0
173;;Envío gratis;LG B220 Dual SIM 32 MB negro 32 MB RAM;5.74
;Hasta 9 cuotas sin interés;;Samsung Galaxy S21 Plus 5g ;159.0
146;;;Alcatel 1050 32 MB negro 32 MB RAM;6.9
104;;;iPro A20 Dual SIM 32 MB negro 32 MB RAM;5.7
231;Disponible en 3 colores;;Xiaomi Redmi Note 10S Dual SIM 128 GB gris ónix 8 GB RAM;89.0
44;Disponible en 3 colores;;Xiaomi Redmi Note 10 Pro (Global) Dual SIM 128 GB gris ónix 6 GB RAM;105.0
;Hasta 3 cuotas sin interés;;Samsung Galaxy A72 128gb 6gb ;78.0
216;Hasta 9 cuotas sin interés;;LG Velvet 128 GB aurora silver 6 GB RAM;80.0
507;Hasta 9 cuotas sin interés;;LG K51S 64 GB titan 3 GB RAM;28.0
;;;Xiaomi Mi 11 Lite 5g  6gb/128gb;115.0
25;Disponible en 2 colores;;Xiaomi Redmi 9T Dual SIM 128 GB azul crepúsculo 4 GB RAM;58.4
188;Disponible en 6 colores;Envío gratis;Apple iPhone 11 (128 GB) - Morado;227.0
;Disponible en 5 colores;;Apple iPhone 13 mini (128 GB) - Azul medianoche;270.0
;Hasta 3 cuotas sin interés;;Samsung Galaxy A22 128gb 4gb Ram;42.0
9;Disponible en 2 colores;; Moto E40 64 GB gris acero 4 GB RAM;27.5
;Hasta 3 cuotas sin interés;;Celular Liberado Motorola Moto E7i Power 32gb Garantia Pc;22.67
11;Disponible en 2 colores;; Moto E20 32 GB azul aqua 2 GB RAM;21.3
96;Disponible en 3 colores;;TCL 20 E 128 GB teal green 4 GB RAM;30.0
31;Disponible en 6 colores;Envío gratis;Apple iPhone 12 (64 GB) - Azul;228.76
3138;Disponible en 2 colores;;Samsung Galaxy A02 32 GB azul 2 GB RAM;21.5
318;Disponible en 2 colores;Envío gratis;Xiaomi Mi 9T Dual SIM 64 GB azul glaciar 6 GB RAM;62.0
154;;Envío gratis;TCL 20 SE 128 GB nuit black 4 GB RAM;36.45
24;Disponible en 6 colores;;Apple iPhone 12 mini (64 GB) - (PRODUCT)RED;208.5
;Hasta 9 cuotas sin interés;;Celular LG K51s 64gb Liberado - Tienda Oficial LG;28.0
27;Disponible en 3 colores;;Sky Devices Elite B55 Dual SIM 16 GB gold 1 GB RAM;11.0
;Disponible en 5 colores;;Apple iPhone 13 (256 GB) - Azul medianoche;299.0
5;Disponible en 4 colores;;Apple iPhone 13 Pro (256 GB) - Azul Sierra;425.0
4;;Envío gratis;Ulefone Armor 7 2019 Dual SIM 128 GB negro 8 GB RAM;99.0
19;;Envío gratis;CAT S42 Dual SIM 32 GB negro 3 GB RAM;68.0
6;Disponible en 2 colores;;Doogee S96 Pro Dual SIM 128 GB army green 8 GB RAM;150.0
;;;Samsung Galaxy Note20 Dual SIM 256 GB gris místico 8 GB RAM;120.69
1579;Disponible en 3 colores;;Samsung Galaxy A52 128 GB awesome blue 6 GB RAM;55.0
35;Disponible en 3 colores;Envío gratis;iPro V10 Dual SIM 32 MB azul 32 MB RAM;5.92
189;;Envío gratis;TCL L10+ 32 GB power gray 3 GB RAM;22.0
507;Hasta 9 cuotas sin interés;;LG K51S 64 GB titan 3 GB RAM;28.0
216;Hasta 9 cuotas sin interés;;LG Velvet 128 GB aurora silver 6 GB RAM;80.0
;Hasta 3 cuotas sin interés;;Samsung Galaxy A12 128gb Negro;37.0
;Hasta 9 cuotas sin interés;;Celular Motorola Edge 20 Lite 128gb 6gb Ram 108 Verde;70.0
;Hasta 3 cuotas sin interés;;Motorola Edge 20 Pro Azul Midnight;110.0
;Hasta 3 cuotas sin interés;;Moto E7 Gris Mineral 32gb 2gb;23.0
;Hasta 3 cuotas sin interés;;Xiaomi Mi 11 Lite 5g  6gb/128gb;115.0
15;Hasta 9 cuotas sin interés;;Positivo Q20 Dual SIM 128 GB pearl white 4 GB RAM;28.0
669;Hasta 3 cuotas sin interés;;LG K40S 32 GB aurora black 2 GB RAM;21.0
;;;Celular Smartphone Alcatel 1v Plus 32gb 2gb Ram Huella 6,22 ;18.49
;Hasta 3 cuotas sin interés;;Celular Tcl 20e 64 Gb 3 Gb Ram ;23.0
;Hasta 9 cuotas sin interés;;Samsung Galaxy Note 20 Libre ;124.0
4;;Envío gratis;CAT S62 Pro Dual SIM 128 GB negro 6 GB RAM;199.0
;Hasta 3 cuotas sin interés;Envío gratis;Samsung Galaxy S20 Fe G 128 Gb Cloud Navy 6 Gb Ram;90.0
33;;Envío gratis;CAT B26 Dual SIM 8 MB negro 8 MB RAM;14.95
1065;Disponible en 3 colores;;Xiaomi Redmi 9 (Global) Dual SIM 64 GB sunset purple 4 GB RAM;49.0
3378;;;LG K50 32 GB aurora black 3 GB RAM;29.69
1571;;;Alcatel 1 8 GB negro metálico 1 GB RAM;12.29
56;;Envío gratis;iPro W9 Dual SIM 512 MB negro 256 MB RAM;6.6
;;;Celular Motorola Moto E7i Power 32/2gb Azul Nuevo Gtia;20.65
;Hasta 9 cuotas sin interés;;Celular Smartphone LG K22 Hd+ 2gb Ram 32gb 13 Mpx Azul Cuota;23.0
88;Disponible en 6 colores;Envío gratis;Apple iPhone XR 64 GB - Negro;169.9
;;;Celular Libre Barato Dual Sim Sky M Cámara Fm Gtia;3.4
251;Disponible en 2 colores;Envío gratis;Samsung Galaxy S21 5G 128 GB phantom gray 8 GB RAM;153.98
;;;Ulefone Armor 8 Pro Dual SIM 128 GB negro 6 GB RAM;79.9
;;;Sansei S191 Telefono Celular Libre Red 2g Dual Sim Bluetooth;4.3
22;Hasta 3 cuotas sin interés;;Alcatel 5H 128 GB jewelry black 4 GB RAM;30.0
3058;Disponible en 2 colores;Envío gratis;Samsung Galaxy A01 Core 16 GB negro 1 GB RAM;22.6
;Hasta 3 cuotas sin interés;;LG K41s 32 Gb Titanio 3 Gb Ram;22.0
363;;;Xiaomi Redmi Note 9 Pro (64 Mpx) Dual SIM 128 GB gris interestelar 6 GB RAM;70.0
6;;;Doogee S96 Pro Dual SIM 128 GB army green 8 GB RAM;150.0
;Disponible en 4 colores;;Apple iPhone 13 Pro Max (1 TB) - Plata;590.5
;Disponible en 4 colores;;Apple iPhone 13 Pro Max (128 GB) - Grafito;410.0
;Disponible en 4 colores;;Apple iPhone 13 Pro Max (512 GB) - Grafito;494.0
;;;Blackview BV9900 Pro Dual SIM 128 GB gris 8 GB RAM;150.0
172;;;Alcatel 1V Plus Dual SIM 32 GB negro 2 GB RAM;20.76
31;Disponible en 6 colores;;Apple iPhone 12 (256 GB) - Negro;285.0
;;;Celular Kodak Smartway L1 Pro Smartphone 1gb 16gb Android 10;12.0
508;;;Samsung Galaxy A30 Dual SIM 32 GB negro 3 GB RAM;54.0
663;Disponible en 3 colores;;Xiaomi Redmi Note 9S Dual SIM 64 GB azul aurora 4 GB RAM;59.0
79;;;Kodak Smartway L1 Dual SIM 16 GB negro 1 GB RAM;12.0
48;Disponible en 2 colores;;Panacom MP-1112 Dual SIM 128 MB black/blue edge 64 MB RAM;7.0
223;;Envío gratis;TCL L10 Lite 32 GB power grey 2 GB RAM;18.0
37;;;Huawei GW Metal 16 GB oro 2 GB RAM;22.69
2861;Disponible en 3 colores;;Samsung Galaxy A10s 32 GB azul 2 GB RAM;39.1
207;Disponible en 4 colores;Envío gratis; iPhone 8 64 GB oro;120.0
;Hasta 3 cuotas sin interés;;Celular Quantum Yolo Negro;12.0
5;Disponible en 4 colores;;Apple iPhone 13 Pro (1 TB) - Azul Sierra;485.0
1182;;Envío gratis;LG K50S 32 GB new aurora black 3 GB RAM;27.76
;Hasta 3 cuotas sin interés;;LG K51s 64 Gb Titan 3 Gb Ram;27.0
20;Disponible en 4 colores;;Apple iPhone 12 Pro (256 GB) - Grafito;344.99
346;Disponible en 2 colores;;Samsung Galaxy S21 Ultra 5G 256 GB phantom black 12 GB RAM;176.0
;;;Celular Motorola Moto E20 32/2gb Azul Techcel Nuevo Garantía;21.49
;Disponible en 5 colores;Envío gratis;Apple iPhone 13 (128 GB) - Azul medianoche;264.4
20;Disponible en 4 colores;;Apple iPhone 12 Pro (128 GB) - Azul pacífico;342.99
218;;;Kodak Smartway M2 Dual SIM 32 GB azul 3 GB RAM;20.0
;;;Celular Economico Whatsapp Ipro S401 Fm + Auriculares ;11.95
;Hasta 9 cuotas sin interés;;Celular Teclas Camara 2 Sim Mp3 Radio Cuota Adulto Economico;4.8
;Hasta 3 cuotas sin interés;;Celular Tcl 20e 64gb 3gb Ram 6,52 Hd+ Octacore Android 11;24.0
;;;Celular Samsung A12 Negro 128gb 4gb Ram Al Click Nuevo Gtia;37.0
;;;Celular Motorola Moto E7i Power 32/2gb Azul Nuevo Gtia;20.9
;;;Celular Alcatel 1 16gb Libre Quad Core Android Go Garantia;11.0
;Hasta 9 cuotas sin interés;;Celular Xiaomi Mi 11 Lite 5g 6gb 128gb 64 Mpx Dual Sim Black;96.0
;;;Celular Ipro Benny 8gb Dual Sim Garantia Económico Liberado;12.4
;Hasta 9 cuotas sin interés;;Celular Ipro Smart 2.4 Libre Teclado Whatsapp Niños Adultos;11.45
;;;Celular Smartphone Tcl L7+ 32 Gb 2 Gb Ram Prime Black 5.5';15.29
;;;Kodak Smartway L1 Pro Gris Smarphone Libre Android 10 Go;11.7
;;;Celular Kodak Smartway L1 Pro Dual Sim 16/1gb Gris Nuevo;11.0
;;;Celular Libre Samsung Galaxy A22 128/4gb - Negro;41.0
;Reacondicionado;;Samsung Galaxy S10 Plus Bueno Negro Liberado;68.3
;;;Celular Libre Dual Sim Sky P4 Cámara 8gb 1gb Dorado;8.5
;Hasta 9 cuotas sin interés;;Celular Liberado Nokia 1.3 Ss 16/1gb Charcoal (soft Claro);17.0
;;Envío gratis;Realme 7i (48 Mpx) Dual SIM 64 GB plata ganador 4 GB RAM;44.11
;Reacondicionado;;Samsung Galaxy S10 Bueno Negro Liberado;58.8
258;Disponible en 2 colores;;Quantum Up Dual SIM 16 GB oro 1 GB RAM;13.5
1003;Disponible en 4 colores;Envío gratis;Xiaomi Redmi Note 8 Pro Dual SIM 128 GB gris mineral 6 GB RAM;89.0
1972;Disponible en 2 colores;Envío gratis;Samsung Galaxy A01 32 GB azul 2 GB RAM;40.0
;Hasta 3 cuotas sin interés;;Celular Libre Barato Dual Sim Sky M Cámara Fm Gtia Cuotas!;3.8
;Hasta 9 cuotas sin interés;Envío gratis;Ulefone Armor 11 5G Dual SIM 256 GB black 8 GB RAM;167.9
8;;Envío gratis;Blackview BV9800 Pro Dual SIM 128 GB negro 6 GB RAM;135.9
;;;Nuevo! Quantum Up32 5,5  1gb/32gb  Octacore + Funda Gratis;15.0
5;Disponible en 4 colores;;Apple iPhone 13 Pro (128 GB) - Oro;364.99
24;Disponible en 5 colores;;Apple iPhone 12 mini (128 GB) - Verde;222.77
;Disponible en 5 colores;;Apple iPhone 13 mini (512 GB) - Rosa;318.0
;;;Celular Excess Dualsim Exc-t36;3.0
15;Hasta 9 cuotas sin interés;;Positivo Q20 Dual SIM 128 GB pearl white 4 GB RAM;28.0
216;Hasta 9 cuotas sin interés;;LG Velvet 128 GB aurora silver 6 GB RAM;80.0
5;Disponible en 2 colores;Envío gratis;Xiaomi Black Shark 3 Dual SIM 128 GB knight gray 8 GB RAM;161.14
;Reacondicionado;;Samsung Galaxy S10 Muy Bueno Negro Liberado;66.0
228;Disponible en 2 colores;;Xiaomi Redmi 9C Dual SIM 32 GB  gris medianoche 2 GB RAM;38.0
;Hasta 3 cuotas sin interés;;LG K22 32 Gb Blue 2 Gb Ram;20.0
1113;Disponible en 4 colores;Envío gratis;Xiaomi Redmi Note 9 Dual SIM 128 GB gris medianoche 4 GB RAM;74.99
;;;Celular Nokia 105 Para Adultos Mayores - Nuevos Caja Gtia;7.2
364;Disponible en 2 colores;;Quantum Five Dual SIM 16 GB gris 512 MB RAM;10.9
;Hasta 3 cuotas sin interés;Envío gratis;Samsung Galaxy A12 64gb 4gb Ram;30.0
;Hasta 3 cuotas sin interés;;Celular LG K40s 32 Gb + 2gb Ram Negro;21.0
28;Disponible en 4 colores;Envío gratis;BLU Z5 Dual SIM 32 MB gris 32 MB RAM;5.2
;Hasta 9 cuotas sin interés;;Celular Smartphone Alcatel 1 Re-look 1gb Ram 16gb Negro New;13.0
;Hasta 3 cuotas sin interés;;LG K22+ 64 Gb Titan 3 Gb Ram;23.0
228;Disponible en 3 colores;Envío gratis;Xiaomi Redmi 9C Dual SIM 64 GB  amanecer naranja 3 GB RAM;41.56
;Hasta 9 cuotas sin interés;;Celular Xiaomi Redmi Note 9 Pro 6gb 128gb 64mpx 6.67'' Grey;85.0
1113;Disponible en 4 colores;Envío gratis;Xiaomi Redmi Note 9 Dual SIM 64 GB verde bosque 3 GB RAM;69.99
27;;Envío gratis;Xiaomi Redmi Note 9T Dual SIM 64 GB anochecer negro 4 GB RAM;58.13
;Hasta 9 cuotas sin interés;;Quantum Q20 128gb 4gb ;28.0
18;Disponible en 4 colores;Envío gratis;Apple iPhone 12 Pro Max (256 GB) - Grafito;417.9
;;;Celular Motorola Moto E6i Rosa 32/2 Ram Nortec Nuevo Gtia;19.3
;Disponible en 4 colores;Envío gratis;Apple iPhone 13 Pro Max (256 GB) - Azul Sierra;418.0
39;Disponible en 2 colores;;Xiaomi Redmi Note 10 Pro (Global) Dual SIM 64 GB azul glaciar 6 GB RAM;83.6
;Hasta 3 cuotas sin interés;;Celular Quantum Switch 32gb 1gb Android 10 Dual Sim;11.4
;;;RCA G2 Dual SIM 32 GB negro 3 GB RAM;17.74
;;;Celular Smartphone Kodak Smartway F1 6.55  4gb Ram 64 Gb ;24.49
;Hasta 3 cuotas sin interés;Envío gratis;Celular Samsung Galaxy A03s Negro;29.0
507;Hasta 9 cuotas sin interés;;LG K51S 64 GB titan 3 GB RAM;28.0
216;Hasta 9 cuotas sin interés;;LG Velvet 128 GB aurora silver 6 GB RAM;80.0
;Reacondicionado;;Samsung Galaxy S10 Plus 8gb Ram Bueno Azul Liberado;68.3
;;;Celular Libre Tcl 20e Negro 64gb 3gb Ram Android 11;26.4
;;;Celular Nokia 210 3g Con Teclado Camara Web Adults Mayores ;8.0
;;;Celular Libre Dual Sim Sky P4 8gb 1gb Cámara Gris Oscuro;8.5
;;;Celular Motorola Moto E40 4/64 Gb Gris Al Click Nuevo Gtia;27.99
15;Hasta 9 cuotas sin interés;;Positivo Q20 Dual SIM 128 GB pearl white 4 GB RAM;28.0
669;Hasta 3 cuotas sin interés;;LG K40S 32 GB aurora black 2 GB RAM;21.0
;Hasta 9 cuotas sin interés;;Celular Tcl 10 Se Polar Night;30.0
5;;Envío gratis;Blackview BV9700 Pro Dual SIM 128 GB gris 6 GB RAM;135.9
;;;Celular Quantum Switch 5 Negro 1gb Ram 32gb Android Go Envio;12.5
2872;Disponible en 2 colores;; Moto E5 Play (Go Edition) 16 GB negro 1 GB RAM;28.36
;;;Celular Libre Dual Sim Sky P4 Cámara 8gb 1gb Plateado;8.5
;;;Celular Motorola Moto E40 4gb Ram 64 Gb Gris Nuevo Gtia;27.5
;;Envío gratis;Celular Libre 2 Sim Teclas Grandes Sos Adultos Y No Videntes;5.4
;;;Celular Smartphone Alcatel 1v Plus 32gb 2gb Ram Huella 6,22 ;22.93
572;Disponible en 2 colores;; Moto G100 128 GB verde boreal 8 GB RAM;119.0
;Hasta 3 cuotas sin interés;;Quantum Up32 Dual Sim 32gb 1gb Negro;15.0
;Hasta 9 cuotas sin interés;;Celular Motorola Moto E7i Power 32/2gb Azul Cuotas S/i;27.0
;Reacondicionado;;Samsung S10e 6gb Ram + 128gb Bueno Azul Liberado;46.8
;Reacondicionado;;Samsung Galaxy S9 Buen Estado Negro Libre. Oferta! 64gb;39.1
;Reacondicionado;;Samsung J7 Prime Bueno Negro Liberado;16.9
12;;Envío gratis;Xiaomi Mi 10T Pro 5G Dual SIM 128 GB negro cósmico 8 GB RAM;168.66
;;;Celular Zte Blade A5 Plus 32 Gb Negro 2 Gb Ram;15.73
;Hasta 9 cuotas sin interés;;Celular Smartphone Alcatel 1 Re-look 16gb 8mpx Negro Cuotas;13.8
;Hasta 3 cuotas sin interés;;Celular Samsung Galaxy A12 64gb 4gb Libre Garantía Oficial;33.0
;Hasta 3 cuotas sin interés;;LG K22+ 64 Gb Titan 3 Gb Ram;23.0
;Reacondicionado;;Samsung Galaxy S9 Plus G9650 64gb Bueno Gris Libre C/garanti;43.0
363;;;Xiaomi Redmi Note 9 Pro (64 Mpx) Dual SIM 128 GB gris interestelar 6 GB RAM;70.0
6;;;Doogee S96 Pro Dual SIM 128 GB army green 8 GB RAM;150.0
52;;;Alcatel 3X (2019) 64 GB jewelry black 4 GB RAM;33.0
1121;;; Moto E4 Plus 16 GB gris oscuro 2 GB RAM;27.4
;Disponible en 5 colores;;Apple iPhone 13 mini (256 GB) - (PRODUCT)RED;310.0
;;;Celular Samsung Galaxy A32 Azul 128/4 Gb Nortec Nuevo Gtia;42.55
;Reacondicionado;;Samsung Galaxy S10 Bueno Negro Liberado;51.6
;;;Celular Motorola Moto E6i  32gb 2gb Ram Rosa Libre Garantia;19.1
;Reacondicionado;;Samsung Galaxy S8 Bueno Negro Liberado ;28.3
;;;Celular C/ Tapa Roadstar Flip + R36  Dual Sim 32mb De 3.0   ;13.0
;;;Celular Alcatel 1v Plus 32gb 2gb Pantalla 6.22 Libre Android;18.99
79;;;Kodak Smartway L1 Dual SIM 8 GB negro 1 GB RAM;12.0
;Hasta 9 cuotas sin interés;;Celular Motorola Moto E40 4gb Ram 64 Gb Gris Nuevo Gtia;33.0
;Reacondicionado;;Samsung Galaxy S10 Plus Muy Bueno Negro Libre ;76.7
;Disponible en 2 colores;;Xiaomi Mi 10T Lite 5G Dual SIM 128 GB azul atlántico 6 GB RAM;73.2
;Hasta 9 cuotas sin interés;;Celular Samsung A12 Negro 128gb 4gb Ram Alclick 9 Cuotas S/i;45.0
;Hasta 9 cuotas sin interés;;Celular Alcatel 1 Re-look 1 Gb 16 Gb 8mpx Negro Promo Cuotas;16.6
;Reacondicionado;;Samsung Galaxy S10e Bueno Negro Liberado;46.8
;;Envío gratis;Alcatel 1 16 Gb Negro Metálico 1 Gb Ram Con Funda;10.79
;;Envío gratis;Celular Liberado Uso Facil 2 Sim Teclas Fm Linterna Cargador;5.4
371;;;Quantum Five Dual SIM 32 GB gris 512 MB RAM;9.26
100;Disponible en 3 colores;;Xiaomi Pocophone Poco X3 Pro Dual SIM 256 GB negro fantasma 8 GB RAM;87.01
;;;Celular Smartphone Alcatel 1 Re-look 16gb 8mpx Android Negro;12.0
544;Disponible en 5 colores;Envío gratis; iPhone 7 32 GB plata;90.0
174;Disponible en 2 colores;Envío gratis;ZTE Blade A3 Lite 16 GB negro 1 GB RAM;11.0
;;;Celular Motorola Moto E20 2/32 Gb Azul Al Click Nuevo Gtia;21.45
;Hasta 9 cuotas sin interés;;Celular Industrial Militar Robusto Blackview Bv6300 4g Lte;47.0
