_Produto__reviews_amount;_Produto__cores_disponiveis;_Produto__frete;_Produto__titulo;_Produto__preco
3480;Disponible en 3 colores;;Samsung Galaxy A32 128 GB awesome blue 4 GB RAM;45.999
526;;;Nokia 106 (2018) 4 MB gris oscuro 4 MB RAM;5.861
174;Disponible en 3 colores;;Samsung Galaxy S21+ 5G 128 GB phantom silver 8 GB RAM;158.999
90;Disponible en 2 colores;;Alcatel 3H 64 GB twilight blue 3 GB RAM;21.999
142;Disponible en 2 colores;;Kodak Smartway L1 Pro Dual SIM 16 GB gris oscuro 1 GB RAM;11.999
180;Disponible en 2 colores;;Quantum YOLO Dual SIM 32 GB rojo 1 GB RAM;10.890
2404;Disponible en 3 colores;; Moto G20 64 GB rosa flamingo 4 GB RAM;30.999
691;Hasta 9 cuotas sin interés;;LG K52 (48 Mpx) 64 GB blue 4 GB RAM;26.999
1758;Disponible en 3 colores;; Moto E7 32 GB azul aqua 2 GB RAM;22.999
417;Disponible en 2 colores;;LG K41S 32 GB titanio 3 GB RAM;21.999
108;Disponible en 2 colores;;Kodak Smartway F1 Dual SIM 64 GB plata 4 GB RAM;23.999
712;Disponible en 2 colores;; Moto E7i Power 32 GB azul 2 GB RAM;20.499
336;Disponible en 2 colores;;LG K22+ 64 GB titan 3 GB RAM;21.999
99;Disponible en 3 colores;;Xiaomi Pocophone Poco X3 Pro Dual SIM 128 GB azul helado 6 GB RAM;85.294
507;Hasta 9 cuotas sin interés;;LG K51S 64 GB titan 3 GB RAM;27.999
1348;Disponible en 2 colores;;LG K61 128 GB titanio 4 GB RAM;34.999
187;Disponible en 2 colores;;Samsung Galaxy A03s 64 GB azul 4 GB RAM;28.999
96;Disponible en 3 colores;;TCL 20 E 128 GB teal green 4 GB RAM;29.999
9;Disponible en 2 colores;; Moto E40 64 GB gris acero 4 GB RAM;27.499
708;Disponible en 2 colores;;Samsung Galaxy M12 (5000 mAh) Dual SIM 128 GB black 4 GB RAM;37.999
2554;Disponible en 2 colores;;Samsung Galaxy A12 64 GB azul 4 GB RAM;32.999
173;;;LG B220 Dual SIM 32 MB negro 32 MB RAM;5.738
54;Disponible en 2 colores;;Xiaomi Redmi Note 10 Dual SIM 128 GB blanco gijarro 6 GB RAM;80.499
29;Hasta 3 cuotas sin interés;;Quantum Switch Dual SIM 32 GB negro 1 GB RAM;12.999
194;Hasta 9 cuotas sin interés;;LG K62 128 GB sky blue 4 GB RAM;31.999
947;Disponible en 3 colores;;LG K22 32 GB blue 2 GB RAM;19.999
285;;;TCL L7+ 32 GB negro 2 GB RAM;15.290
59;Disponible en 2 colores;;Motorola 20 Lite 128 GB gris 6 GB RAM;69.999
218;;;Kodak Smartway M2 Dual SIM 32 GB azul 3 GB RAM;19.499
134;;;Energizer Energy E10+ Dual SIM 32 MB negro 32 MB RAM;4.199
2554;Hasta 9 cuotas sin interés;;Samsung Galaxy A12 128 GB negro 4 GB RAM;38.599
480;Hasta 9 cuotas sin interés;;LG K42 64 GB gray 3 GB RAM;24.999
212;;;Alcatel 1V Plus 32 GB negro 2 GB RAM;19.344
340;;;Sansei S191 Dual SIM 3 MB negro/rojo 4 MB RAM;3.489
230;Disponible en 3 colores;;Xiaomi Redmi Note 10S Dual SIM 128 GB gris ónix 8 GB RAM;75.999
222;;;Philco P241 Dual SIM 512 MB negro 256 MB RAM;7.339
97;Hasta 3 cuotas sin interés;;TCL 20 E 64 GB elegant black 3 GB RAM;22.999
2504;Disponible en 4 colores;;Samsung Galaxy S20 FE 128 GB cloud navy 6 GB RAM;89.999
44;Disponible en 3 colores;;Xiaomi Redmi Note 10 Pro (Global) Dual SIM 128 GB gris ónix 6 GB RAM;105.000
13;Disponible en 2 colores;;Positivo Q20 Dual SIM 128 GB pearl white 4 GB RAM;27.999
108;Disponible en 3 colores;Envío gratis;Apple iPhone SE (2da generación) 64 GB - Negro;121.999
290;Disponible en 3 colores;;Samsung Galaxy A22 128 GB white 4 GB RAM;41.999
393;Disponible en 2 colores;;Nokia 1.3 16 GB carbón 1 GB RAM;15.899
669;Hasta 3 cuotas sin interés;;LG K40S 32 GB aurora black 2 GB RAM;20.999
154;;Envío gratis;TCL 20 SE 128 GB nuit black 4 GB RAM;36.449
42;Disponible en 2 colores;;Motorola 20 Pro 256 GB blanco optic 12 GB RAM;109.999
1016;Disponible en 2 colores;; Moto E6i 32 GB rosa coral 2 GB RAM;18.799
133;Disponible en 2 colores;;Xiaomi Mi 11 Lite 5G Dual SIM 128 GB negro trufa 6 GB RAM;79.099
;Hasta 9 cuotas sin interés;Envío gratis;Ulefone Armor 11 5G Dual SIM 256 GB black 8 GB RAM;167.900
146;;;Alcatel 1050 32 MB negro 32 MB RAM;6.900
362;;;Xiaomi Redmi Note 9 Pro (64 Mpx) Dual SIM 128 GB gris interestelar 6 GB RAM;69.999
;Hasta 3 cuotas sin interés;;Celular Samsung Galaxy A32 4gb Ram 128gb Mem Int;48.999
;Hasta 3 cuotas sin interés;;Motorola G20 64gb 4 Gb Ram Rosa Flamingo;30.999
;Hasta 9 cuotas sin interés;;Motorola Edge 20 Lite Gris 128gb 6gb Ram;69.999
;Hasta 3 cuotas sin interés;;Samsung Galaxy S20 Fan Edition ;89.999
;Hasta 3 cuotas sin interés;;Samsung Galaxy A03s 64gb 4gb;28.999
329;Disponible en 3 colores;;Kodak Smartway L2 Dual SIM 16 GB violeta 2 GB RAM;14.999
6;;;Doogee S96 Pro Dual SIM 128 GB army green 8 GB RAM;150.000
48;;Envío gratis;Panacom MP-1112 Dual SIM 128 MB black/blue edge 64 MB RAM;7.399
44;Disponible en 3 colores;;Xiaomi Redmi Note 10 Pro (Global) Dual SIM 128 GB gris ónix 6 GB RAM;105.000
54;Disponible en 2 colores;;Xiaomi Redmi Note 10 Dual SIM 128 GB blanco gijarro 6 GB RAM;80.499
;Hasta 9 cuotas sin interés;;Samsung Galaxy M12 Dual Sim 128gb 4 Gb Ram;37.999
;Hasta 3 cuotas sin interés;;Samsung Galaxy A12 128gb Negro;36.999
29;Hasta 3 cuotas sin interés;;Quantum Switch Dual SIM 32 GB negro 1 GB RAM;12.999
108;Disponible en 3 colores;Envío gratis;Apple iPhone SE (2da generación) 64 GB - Negro;121.999
31;Disponible en 6 colores;;Apple iPhone 12 (128 GB) - Negro;249.999
;Hasta 3 cuotas sin interés;;Motorola Edge 20 Pro Xt2153-1 Blanco Optic;109.999
2121;Disponible en 3 colores;;Xiaomi Redmi Note 8 Dual SIM 64 GB Neptune blue 4 GB RAM;52.959
;Hasta 9 cuotas sin interés;;Motorola E7 Azul Aqua 32gb 2gb;22.999
7;;;Ulefone Armor X5 Pro Dual SIM 64 GB negro 4 GB RAM;54.900
;Hasta 9 cuotas sin interés;;Samsung Galaxy S21 Plus 5g ;158.999
63;;;ZTE Blade A3 2020 32 GB negro 1 GB RAM;12.999
173;;;LG B220 Dual SIM 32 MB negro 32 MB RAM;5.738
189;Hasta 3 cuotas sin interés;;TCL L10+ 32 GB power gray 3 GB RAM;24.999
146;;;Alcatel 1050 32 MB negro 32 MB RAM;6.900
;Disponible en 5 colores;;Apple iPhone 13 mini (128 GB) - Blanco estelar;259.662
104;;;iPro A20 Dual SIM 32 MB negro 32 MB RAM;5.699
187;Disponible en 6 colores;;Apple iPhone 11 (128 GB) - Morado;226.999
;Hasta 3 cuotas sin interés;;Samsung Galaxy A72 128gb 6gb ;77.999
;Hasta 9 cuotas sin interés;;Celular Teclas Camara 2 Sim Mp3 Radio Cuota Adulto Economico;4.798
;;;Celular Ipro Benny 8gb Dual Sim Garantia Económico Liberado;12.398
;;;Xiaomi Mi 11 Lite 5g  6gb/128gb;114.999
230;Disponible en 3 colores;Envío gratis;Xiaomi Redmi Note 10S Dual SIM 128 GB gris ónix 8 GB RAM;75.999
25;Disponible en 2 colores;;Xiaomi Redmi 9T Dual SIM 128 GB azul crepúsculo 4 GB RAM;58.399
3138;Disponible en 2 colores;;Samsung Galaxy A02 32 GB azul 2 GB RAM;21.499
;Hasta 3 cuotas sin interés;;Samsung Galaxy A22 128gb 4gb Ram;41.999
318;Disponible en 2 colores;Envío gratis;Xiaomi Mi 9T Dual SIM 64 GB azul glaciar 6 GB RAM;61.999
96;Disponible en 3 colores;;TCL 20 E 128 GB teal green 4 GB RAM;29.999
;Hasta 3 cuotas sin interés;;Celular Liberado Motorola Moto E7i Power 32gb Garantia Pc;22.670
33;;Envío gratis;CAT B26 Dual SIM 8 MB negro 8 MB RAM;15.047
31;Disponible en 6 colores;;Apple iPhone 12 (64 GB) - Azul;228.763
;Disponible en 5 colores;;Apple iPhone 13 (256 GB) - Azul medianoche;298.999
4;;Envío gratis;Ulefone Armor 7 2019 Dual SIM 128 GB negro 8 GB RAM;99.000
19;;Envío gratis;CAT S42 Dual SIM 32 GB negro 3 GB RAM;68.000
154;;Envío gratis;TCL 20 SE 128 GB nuit black 4 GB RAM;36.449
;Hasta 9 cuotas sin interés;;Celular LG K51s 64gb Liberado - Tienda Oficial LG;27.999
24;Disponible en 6 colores;;Apple iPhone 12 mini (64 GB) - (PRODUCT)RED;208.499
4;;Envío gratis;CAT S62 Pro Dual SIM 128 GB negro 6 GB RAM;199.000
5;Disponible en 4 colores;;Apple iPhone 13 Pro (256 GB) - Azul Sierra;396.029
27;Disponible en 3 colores;;Sky Devices Elite B55 Dual SIM 16 GB gold 1 GB RAM;10.999
;;;Celular Smartphone Alcatel 1v Plus 32gb 2gb Ram Huella 6,22 ;18.490
56;;Envío gratis;iPro W9 Dual SIM 512 MB negro 256 MB RAM;6.601
6;Disponible en 2 colores;;Doogee S96 Pro Dual SIM 128 GB army green 8 GB RAM;150.000
1577;Disponible en 4 colores;;Samsung Galaxy A52 128 GB awesome blue 6 GB RAM;54.999
251;Disponible en 2 colores;Envío gratis;Samsung Galaxy S21 5G 128 GB phantom white 8 GB RAM;136.999
6;;;Doogee S96 Pro Dual SIM 128 GB army green 8 GB RAM;150.000
;Hasta 9 cuotas sin interés;;Celular Smartphone LG K22 Hd+ 2gb Ram 32gb 13 Mpx Azul Cuota;22.999
362;Disponible en 2 colores;;Xiaomi Redmi Note 9 Pro (64 Mpx) Dual SIM 128 GB gris interestelar 6 GB RAM;69.999
;;Envío gratis;Celular Libre 2 Sim Teclas Grandes Sos Adultos Y No Videntes;5.399
108;Disponible en 3 colores;;Apple iPhone SE (2da generación) 128 GB - Blanco;131.967
63;;;ZTE Blade A3 2020 32 GB negro 1 GB RAM;12.999
;;Envío gratis;Celular Basico Ipro F183 S.o.s. Fm;5.839
362;;;Xiaomi Redmi Note 9 Pro (64 Mpx) Dual SIM 128 GB gris interestelar 6 GB RAM;69.999
48;;Envío gratis;Panacom MP-1112 Dual SIM 128 MB black/blue edge 64 MB RAM;7.399
;;;Celular Motorola Moto E20 32/2gb Azul Techcel Nuevo Garantía;21.490
;;;Celular Motorola Moto E7i Power 32/2gb Azul Nuevo Gtia;20.598
172;Disponible en 2 colores;Envío gratis;Xiaomi Pocophone Poco X3 NFC Dual SIM 64 GB  cobalt blue 6 GB RAM;69.316
;Hasta 3 cuotas sin interés;;Motorola Edge 20 Pro Xt2153-1 Blanco Optic;109.999
;;;Celular C/ Tapa Roadstar Flip + R36  Dual Sim 32mb De 3.0   ;12.999
;Disponible en 5 colores;;Apple iPhone 13 mini (512 GB) - Rosa;318.000
;Hasta 3 cuotas sin interés;;Xiaomi Mi 11 Lite 5g  6gb/128gb;114.999
189;Hasta 3 cuotas sin interés;;TCL L10+ 32 GB power gray 3 GB RAM;24.999
;;;Celular Ipro V10 Con Tapa Llamadas Mensajes Dual Sim Adulto ;7.999
48;;Envío gratis;Panacom MP-1112 Dual SIM 128 MB black/blue edge 64 MB RAM;7.399
25;Disponible en 2 colores;;Xiaomi Redmi 9T Dual SIM 128 GB azul crepúsculo 4 GB RAM;58.399
;Hasta 3 cuotas sin interés;;Celular Libre Barato Dual Sim Sky M Cámara Fm Gtia Cuotas!;3.799
;;;Celular Kodak Smartway L1 Pro Dual Sim 16/1gb Gris Nuevo;10.999
;;;Celular Nokia 210 3g Con Teclado Camara Web Adults Mayores ;7.999
251;Disponible en 2 colores;Envío gratis;Samsung Galaxy S21 5G 128 GB phantom white 8 GB RAM;136.999
;;;Celular Samsung A12 Negro 128gb 4gb Ram Al Click Nuevo Gtia;36.999
33;;Envío gratis;CAT B26 Dual SIM 8 MB negro 8 MB RAM;15.047
4;;Envío gratis;Ulefone Armor 7 2019 Dual SIM 128 GB negro 8 GB RAM;99.000
;Hasta 3 cuotas sin interés;;Samsung Galaxy A72 128gb 6gb ;77.999
;Disponible en 5 colores;Envío gratis;Apple iPhone 13 (128 GB) - Azul medianoche;264.400
;Hasta 9 cuotas sin interés;;Celular Teclas Camara 2 Sim Mp3 Radio Cuota Adulto Economico;4.798
;;;Celular Ipro Benny 8gb Dual Sim Garantia Económico Liberado;12.398
;Hasta 3 cuotas sin interés;;Celular Liberado Motorola Moto E7i Power 32gb Garantia Pc;22.670
;Hasta 9 cuotas sin interés;;Celular Liberado Nokia 1.3 Ss 16/1gb Charcoal (soft Claro);16.999
;;;Celular Nokia 105 Para Adultos Mayores - Nuevos Caja Gtia;7.199
117;;Envío gratis;Kodak Smartway T3 Dual SIM 32 GB negro 2 GB RAM;14.818
;;;Xiaomi Mi 11 Lite 5g  6gb/128gb;114.999
;;;Celular Motorola Moto E7i Power 32/2gb Azul Nuevo Gtia;20.899
;Hasta 3 cuotas sin interés;;Celular Quantum Yolo Negro;11.999
207;Disponible en 4 colores;Envío gratis; iPhone 8 64 GB oro;120.000
;Hasta 9 cuotas sin interés;;Celular Industrial Militar Robusto Blackview Bv6300 4g Lte;47.000
318;;Envío gratis;ZTE Blade A5 Plus 32 GB negro 2 GB RAM;17.999
39;Disponible en 2 colores;;Xiaomi Redmi Note 10 Pro (Global) Dual SIM 64 GB azul glaciar 6 GB RAM;83.598
172;;;Alcatel 1V Plus Dual SIM 32 GB negro 2 GB RAM;20.757
;;; Celular Quantum Q20 Octacore 6,1 128gb 4ram Azul;27.999
;;;Celular Ipro A6 Mini Liberado Botones Cam. Fm Uso Facil;3.999
;;;Celular Libre Dual Sim Sky P4 8gb 1gb Cámara Gris Oscuro;8.499
;Hasta 9 cuotas sin interés;;Celular Teclas Camara 2 Sim Mp3 Radio Cuota Adulto Economico;4.798
;;;Celular Nokia 106 , Radio, Linterna,idea Adulto Mayores;6.550
;;;Celular Libre Dual Sim Sky P4 Cámara 8gb 1gb Dorado;8.499
;;Envío gratis;Celular Liberado Uso Facil 2 Sim Teclas Fm Linterna Cargador;5.399
;;;Celular Motorola Moto E6i Rosa 32/2 Ram Nortec Nuevo Gtia;19.299
;;;Celular Ipro Benny 8gb Dual Sim Garantia Económico Liberado;12.398
;;;Quantum Yolo Negro 3g - 5  - 32 Gb - 1 Gb Ram Dual Sim;11.999
;;;Celular Kodak Smartway L1 Pro Smartphone 1gb 16gb Android 10;11.999
;;;Celular Alcatel 1 16gb Libre Quad Core Android Go Garantia;10.999
;Hasta 9 cuotas sin interés;;Celular Moto G20 64gb Azul 4gb Ram Liberado;36.999
;Hasta 3 cuotas sin interés;;Celular Tcl 20e 64gb 3gb Ram 6,52 Hd+ Octacore Android 11;23.999
;;;Celular Motorola Moto E7i Power 32/2gb Azul Nuevo Gtia;20.598
;;;Celular Samsung A12 Negro 128gb 4gb Ram Al Click Nuevo Gtia;36.999
1113;Disponible en 4 colores;Envío gratis;Xiaomi Redmi Note 9 Dual SIM 128 GB gris medianoche 4 GB RAM;74.990
;;;Celular Alcatel 1v Plus 32gb 2gb Pantalla 6.22 Libre Android;19.344
20;Disponible en 4 colores;;Apple iPhone 12 Pro (128 GB) - Azul pacífico;342.990
28;Disponible en 4 colores;Envío gratis;BLU Z5 Dual SIM 32 MB gris 32 MB RAM;5.200
;;;Celular Alcatel 1 16gb Libre Quad Core Android Go Garantia;10.999
;;;Celular Motorola Moto E20 32/2gb Azul Techcel Nuevo Garantía;21.490
;Hasta 9 cuotas sin interés;Envío gratis;Celular Xiaomi Mi 11 Lite 5g 6gb 128gb 64 Mpx Dual Sim Black;95.999
;;;Celular Motorola Moto E7i Power 32/2gb Azul Nuevo Gtia;20.899
;Hasta 3 cuotas sin interés;Envío gratis;Samsung Galaxy A12 64gb 4gb Ram;29.999
;;Envío gratis;Kodak Smartway L1 Pro Gris Smarphone Libre Android 10 Go;11.699
;;;Celular Smartphone Tcl L7+ 32 Gb 2 Gb Ram Prime Black 5.5';15.290
;;;Celular Kodak Smartway L1 Pro Dual Sim 16/1gb Gris Nuevo;10.999
1113;Disponible en 4 colores;Envío gratis;Xiaomi Redmi Note 9 Dual SIM 64 GB verde bosque 3 GB RAM;69.990
27;;Envío gratis;Xiaomi Redmi Note 9T Dual SIM 64 GB anochecer negro 4 GB RAM;58.129
;;Envío gratis;Celular Libre Samsung Galaxy A22 128/4gb - Negro;40.999
18;Disponible en 4 colores;Envío gratis;Apple iPhone 12 Pro Max (256 GB) - Grafito;417.900
;Disponible en 4 colores;Envío gratis;Apple iPhone 13 Pro Max (256 GB) - Azul Sierra;418.000
;Hasta 9 cuotas sin interés;;Celular Liberado Nokia 1.3 Ss 16/1gb Charcoal (soft Claro);16.999
;Reacondicionado;;Samsung Galaxy S10 Plus Bueno Negro Liberado;68.299
;;;Celular Libre Dual Sim Sky P4 Cámara 8gb 1gb Dorado;8.499
1065;Disponible en 3 colores;;Xiaomi Redmi 9 (Global) Dual SIM 64 GB carbon grey 4 GB RAM;48.999
;Hasta 3 cuotas sin interés;Envío gratis;Celular Samsung Galaxy A03s Negro;28.999
;Reacondicionado;;Samsung Galaxy S10 Bueno Negro Liberado;58.799
;Hasta 3 cuotas sin interés;;Celular Libre Barato Dual Sim Sky M Cámara Fm Gtia Cuotas!;3.799
;;;Nuevo! Quantum Up32 5,5  1gb/32gb  Octacore + Funda Gratis;14.999
;Hasta 3 cuotas sin interés;;LG K22 32 Gb Blue 2 Gb Ram;19.999
5;Disponible en 4 colores;;Apple iPhone 13 Pro (128 GB) - Oro;364.990
24;Disponible en 5 colores;;Apple iPhone 12 mini (128 GB) - Verde;222.772
5;;Envío gratis;Blackview BV9700 Pro Dual SIM 128 GB gris 6 GB RAM;135.900
;Disponible en 5 colores;;Apple iPhone 13 mini (512 GB) - Rosa;318.000
;;;Celular Excess Dualsim Exc-t36;2.999
;Reacondicionado;;Samsung Galaxy S10 Muy Bueno Negro Liberado;65.999
;;Envío gratis;Celular Libre 2 Sim Teclas Grandes Sos Adultos Y No Videntes;5.399
;;;Celular Nokia 105 Para Adultos Mayores - Nuevos Caja Gtia;7.199
;Hasta 3 cuotas sin interés;;Celular LG K40s 32 Gb + 2gb Ram Negro;20.999
;Hasta 3 cuotas sin interés;;LG K22+ 64 Gb Titan 3 Gb Ram;22.999
364;Disponible en 2 colores;;Quantum Five Dual SIM 16 GB gris 512 MB RAM;10.899
;Hasta 9 cuotas sin interés;Envío gratis;Celular Smartphone Alcatel 1 Re-look 1gb Ram 16gb Negro New;12.999
5;Disponible en 4 colores;;Apple iPhone 13 Pro (1 TB) - Oro;489.990
;Hasta 9 cuotas sin interés;;Quantum Q20 128gb 4gb ;27.999
63;Disponible en 2 colores;Envío gratis;Xiaomi Pocophone Poco M3 Dual SIM 128 GB negro poderoso 4 GB RAM;66.581
12;;Envío gratis;Xiaomi Mi 10T Pro 5G Dual SIM 128 GB negro cósmico 8 GB RAM;168.655
;Hasta 3 cuotas sin interés;;Celular Quantum Switch 32gb 1gb Android 10 Dual Sim;11.399
;;;Celular Motorola Moto E6i Rosa 32/2 Ram Nortec Nuevo Gtia;19.299
39;Disponible en 2 colores;;Xiaomi Redmi Note 10 Pro (Global) Dual SIM 64 GB azul glaciar 6 GB RAM;83.598
;;Envío gratis;RCA G2 Dual SIM 32 GB negro 3 GB RAM;17.744
6;;;Doogee S96 Pro Dual SIM 128 GB army green 8 GB RAM;150.000
;Hasta 9 cuotas sin interés;;Celular Smartphone Alcatel 1 Re-look 1gb Ram 16gb Negro New;12.999
;;; Celular Quantum Q20 Octacore 6,1  128gb 4ram Blanco;27.999
;Hasta 9 cuotas sin interés;;Tcl 20 Se 256 Gb Gris 6 Gb Ram;39.999
;;;Celular Nokia 210 3g Con Teclado Camara Pantalla Web Nevegac;8.099
;;;Nokia 106 2018 Celular Con Teclado Para Personas Adultas;7.500
;;;Celular Libre Samsung Galaxy A22 128/4gb - Negro;40.999
362;;;Xiaomi Redmi Note 9 Pro (64 Mpx) Dual SIM 128 GB gris interestelar 6 GB RAM;69.999
48;;Envío gratis;Panacom MP-1112 Dual SIM 128 MB black/blue edge 64 MB RAM;7.399
;Hasta 3 cuotas sin interés;;LG K22 32 Gb Blue 2 Gb Ram;19.999
;;Envío gratis;Alcatel 1 16 Gb Negro Metálico 1 Gb Ram Con Funda;10.790
;;;Celular Kodak Smartway L1 Pro Dual Sim 16/1gb Silver Nuevo ;10.999
79;;;Kodak Smartway L1 Dual SIM 16 GB negro 1 GB RAM;11.999
;;;Celular Motorola Moto E20 2/32 Gb Azul Al Click Nuevo Gtia;21.455
2121;Disponible en 3 colores;;Xiaomi Redmi Note 8 Dual SIM 64 GB Neptune blue 4 GB RAM;52.959
;;Envío gratis;Celular Microsoft Lumia 535 Llamadas,sms,navegador,youtobe!!;5.999
;;;Celular Samsung Galaxy A32 Azul 128/4 Gb Nortec Nuevo Gtia;42.555
;Hasta 3 cuotas sin interés;;Celular Samsung Galaxy A12 64gb 4gb Libre Garantía Oficial;32.999
;;;Combo Kodak Celular L1 Pro 2 16gb Y Auriculares Pixpro Sm100;12.490
;;;Celular Kodak L1 Pro 2gb Ram Gris Plata 16gb Liberado Smart;12.599
;;;Celular Alcatel 1l  2gb Y 32gb Negro 13mpx;17.499
;;;RCA G2 Dual SIM 32 GB negro 3 GB RAM;17.744
;;;Tcl 20 E 64 Gb Elegant Black 3 Gb Ram Delta ;21.249
;;;Celular Smartphone Kodak Smartway F1 6.55  4gb Ram 64 Gb ;24.490
;;Envío gratis;Celular 2g Dual Sim Lcd 1.77 Pulgadas Con Radio Fm Excess;4.239
;;;Celular Libre Alcatel 3h 64/3gb Azul Al Click Nuevo Garantía;20.199
;;;Blackview Bv6300 Todo Terreno Ip68 Liberado 4g Lte;39.600
;Hasta 9 cuotas sin interés;;Celular Samsung A12 Negro 128gb 4gb Ram Alclick 9 Cuotas S/i;44.999
;;;Celular Samsung Galaxy A22 Verde 4/128 Gb Techcel Nuevo Gtia;41.990
;Hasta 9 cuotas sin interés;;Celular Teclas Camara 2 Sim Mp3 Radio Cuota Adulto Economico;4.798
;;;Celular Ipro Benny 8gb Dual Sim Garantia Económico Liberado;12.398
;;;Celular Quantum Switch Negro 1gb Ram 32gb Libre;11.899
;Hasta 3 cuotas sin interés;;Celular Alcatel 1 4g 16 Gb Libre Nuevo Garantia Local Flex;12.499
8;;Envío gratis;Blackview BV9800 Pro Dual SIM 128 GB negro 6 GB RAM;135.900
;;Envío gratis;iPhone SE (2nd Generation) 64 Gb Sin Cargador;121.999
;Reacondicionado;Envío gratis;Celular Motorola Xt2029-1 - Moto E6 Play - 32gb  Azul;15.999
;Disponible en 5 colores;;Apple iPhone 13 mini (256 GB) - (PRODUCT)RED;309.999
;;;Celular Motorola Moto E6i  32gb 2gb Ram Rosa Libre Garantia;19.099
5;Disponible en 4 colores;;Apple iPhone 13 Pro (256 GB) - Azul Sierra;396.029
;Hasta 3 cuotas sin interés;;Celular Libre Dual Sim Sky F2g Cámara Fm Verde Gtia Cuotas;3.999
18;Disponible en 4 colores;Envío gratis;Apple iPhone 12 Pro Max (256 GB) - Grafito;417.900
;;Envío gratis;Tcl L10+ 32 Gb Power Gray 3 Gb Ram;18.499
;Hasta 3 cuotas sin interés;;Celular LG K40s 32 Gb + 2gb Ram Negro;20.999
;Hasta 9 cuotas sin interés;;Nokia 106 2018 Celular Básico Con Teclado Gente Mayor Local;8.500
;Hasta 9 cuotas sin interés;;Celular Ps Neopro 16g Memoria Sd 32gb ;12.990
;;;Celular Smartphone Quantum Yolo 32/1gb Dual Sim Nuevo Gtia;11.999
306;Hasta 3 cuotas sin interés;Envío gratis;TCL L9S 32 GB negro 2 GB RAM;24.999
;;;Celular Zte Blade A5 Plus 32 Gb Negro 2 Gb Ram;15.729
371;;;Quantum Five Dual SIM 32 GB gris 512 MB RAM;9.264
45;Hasta 3 cuotas sin interés;Envío gratis;Noblex N405 Dual SIM 8 GB negro 2 GB RAM;14.999
100;Disponible en 3 colores;;Xiaomi Pocophone Poco X3 Pro Dual SIM 256 GB negro fantasma 8 GB RAM;87.010
85;Disponible en 3 colores;Envío gratis;BLU Z4 Dual SIM 32 MB negro/azul 32 MB RAM;5.100
;;;Celular Libre Tcl 20e Negro 64gb 3gb Ram Android 11;26.398
;;;Celular Philco P241 Dual Sim 512 Mb Negro 256 Mb Ram;7.339
;Disponible en 2 colores;;Realme 8 Pro Dual SIM 128 GB infinite black 8 GB RAM;88.990
